ReservationID,CustomerID,FlightInstanceID,Status
R0001,113,1,waitlist
R0002,119,1,reserved
R0003,190,1,reserved
R0004,343,1,reserved
R0005,465,1,waitlist
R0006,199,1,reserved
R0007,233,1,flown
R0008,21,1,flown
R0009,166,1,reserved
R0010,496,1,reserved
R0011,428,2,waitlist
R0012,297,2,reserved
R0013,90,2,reserved
R0014,194,2,reserved
R0015,335,2,flown
R0016,40,2,reserved
R0017,193,2,flown
R0018,115,2,reserved
R0019,181,2,flown
R0020,177,2,reserved
R0021,247,2,flown
R0022,4,2,reserved
R0023,226,3,reserved
R0024,40,3,reserved
R0025,144,3,reserved
R0026,96,3,reserved
R0027,309,3,waitlist
R0028,61,3,waitlist
R0029,213,3,flown
R0030,369,3,reserved
R0031,346,3,reserved
R0032,108,3,reserved
R0033,332,3,flown
R0034,125,4,reserved
R0035,294,4,reserved
R0036,69,4,waitlist
R0037,21,4,flown
R0038,76,4,reserved
R0039,133,4,flown
R0040,265,4,flown
R0041,307,4,flown
R0042,327,4,reserved
R0043,369,4,waitlist
R0044,485,5,reserved
R0045,230,5,waitlist
R0046,242,5,flown
R0047,88,5,reserved
R0048,211,5,waitlist
R0049,407,5,reserved
R0050,393,5,reserved
R0051,338,5,reserved
R0052,86,5,waitlist
R0053,176,5,flown
R0054,306,5,reserved
R0055,118,5,reserved
R0056,56,6,reserved
R0057,268,6,flown
R0058,259,6,waitlist
R0059,424,6,reserved
R0060,50,6,reserved
R0061,462,6,waitlist
R0062,20,6,flown
R0063,273,6,reserved
R0064,61,6,reserved
R0065,338,6,reserved
R0066,309,6,reserved
R0067,460,7,flown
R0068,348,7,waitlist
R0069,268,7,reserved
R0070,448,7,reserved
R0071,272,7,reserved
R0072,481,7,flown
R0073,405,7,waitlist
R0074,180,7,reserved
R0075,380,7,flown
R0076,429,7,waitlist
R0077,218,8,reserved
R0078,245,8,waitlist
R0079,466,8,flown
R0080,146,8,reserved
R0081,279,8,reserved
R0082,97,8,reserved
R0083,381,8,waitlist
R0084,296,8,reserved
R0085,267,8,reserved
R0086,336,8,reserved
R0087,210,9,reserved
R0088,80,9,reserved
R0089,300,9,reserved
R0090,438,9,reserved
R0091,290,9,reserved
R0092,142,9,flown
R0093,204,9,waitlist
R0094,212,9,reserved
R0095,286,9,reserved
R0096,190,9,reserved
R0097,248,9,reserved
R0098,158,9,reserved
R0099,204,10,waitlist
R0100,438,10,flown
R0101,61,10,waitlist
R0102,229,10,waitlist
R0103,487,10,reserved
R0104,110,10,reserved
R0105,403,10,reserved
R0106,282,10,waitlist
R0107,351,10,waitlist
R0108,83,10,reserved
R0109,326,10,reserved
R0110,47,10,flown
R0111,242,10,flown
R0112,223,10,reserved
R0113,135,10,reserved
R0114,312,11,reserved
R0115,197,11,flown
R0116,206,11,waitlist
R0117,267,11,reserved
R0118,494,11,reserved
R0119,485,11,waitlist
R0120,90,11,waitlist
R0121,225,11,reserved
R0122,436,11,waitlist
R0123,412,11,reserved
R0124,18,12,waitlist
R0125,262,12,reserved
R0126,119,12,waitlist
R0127,346,12,reserved
R0128,123,12,waitlist
R0129,500,12,reserved
R0130,142,12,waitlist
R0131,181,12,waitlist
R0132,208,12,reserved
R0133,266,12,reserved
R0134,361,12,reserved
R0135,282,13,reserved
R0136,425,13,reserved
R0137,299,13,reserved
R0138,494,13,flown
R0139,116,13,waitlist
R0140,100,13,reserved
R0141,207,13,reserved
R0142,134,13,reserved
R0143,260,13,reserved
R0144,38,13,reserved
R0145,485,14,reserved
R0146,263,14,flown
R0147,449,14,reserved
R0148,407,14,reserved
R0149,356,14,reserved
R0150,194,14,reserved
R0151,395,14,reserved
R0152,174,14,flown
R0153,235,14,waitlist
R0154,460,14,reserved
R0155,15,14,reserved
R0156,133,14,reserved
R0157,404,15,flown
R0158,347,15,waitlist
R0159,410,15,reserved
R0160,490,15,reserved
R0161,275,15,reserved
R0162,427,15,reserved
R0163,148,15,reserved
R0164,345,15,waitlist
R0165,176,15,reserved
R0166,477,15,reserved
R0167,161,15,reserved
R0168,458,15,reserved
R0169,94,15,flown
R0170,350,15,flown
R0171,98,15,reserved
R0172,121,16,waitlist
R0173,447,16,reserved
R0174,118,16,reserved
R0175,128,16,flown
R0176,183,16,reserved
R0177,55,16,reserved
R0178,41,16,waitlist
R0179,340,16,reserved
R0180,4,16,waitlist
R0181,278,16,flown
R0182,435,16,reserved
R0183,162,17,reserved
R0184,452,17,flown
R0185,445,17,reserved
R0186,94,17,flown
R0187,469,17,reserved
R0188,204,17,reserved
R0189,296,17,reserved
R0190,270,17,waitlist
R0191,245,17,flown
R0192,17,17,reserved
R0193,202,17,flown
R0194,398,17,reserved
R0195,500,17,reserved
R0196,266,17,reserved
R0197,5,18,reserved
R0198,108,18,reserved
R0199,52,18,reserved
R0200,314,18,flown
R0201,96,18,reserved
R0202,122,18,reserved
R0203,491,18,waitlist
R0204,188,18,reserved
R0205,218,18,reserved
R0206,359,18,waitlist
R0207,187,18,flown
R0208,144,18,reserved
R0209,293,18,reserved
R0210,295,18,waitlist
R0211,417,18,reserved
R0212,412,19,reserved
R0213,222,19,flown
R0214,101,19,reserved
R0215,492,19,waitlist
R0216,243,19,flown
R0217,91,19,reserved
R0218,69,19,flown
R0219,435,19,waitlist
R0220,274,19,waitlist
R0221,403,19,reserved
R0222,129,19,reserved
R0223,291,19,reserved
R0224,354,20,reserved
R0225,111,20,flown
R0226,244,20,flown
R0227,50,20,reserved
R0228,172,20,reserved
R0229,185,20,reserved
R0230,478,20,flown
R0231,177,20,reserved
R0232,63,20,reserved
R0233,348,20,flown
R0234,296,21,reserved
R0235,333,21,reserved
R0236,400,21,reserved
R0237,167,21,waitlist
R0238,250,21,waitlist
R0239,229,21,flown
R0240,196,21,waitlist
R0241,238,21,waitlist
R0242,75,21,flown
R0243,328,21,flown
R0244,173,21,reserved
R0245,293,22,reserved
R0246,465,22,reserved
R0247,83,22,reserved
R0248,161,22,reserved
R0249,150,22,waitlist
R0250,310,22,waitlist
R0251,139,22,flown
R0252,400,22,flown
R0253,186,22,waitlist
R0254,267,22,flown
R0255,212,22,reserved
R0256,438,22,reserved
R0257,373,22,reserved
R0258,129,22,flown
R0259,384,23,reserved
R0260,86,23,reserved
R0261,49,23,reserved
R0262,450,23,reserved
R0263,28,23,reserved
R0264,204,23,reserved
R0265,43,23,reserved
R0266,317,23,reserved
R0267,336,23,flown
R0268,200,23,reserved
R0269,127,23,waitlist
R0270,227,23,waitlist
R0271,68,23,reserved
R0272,88,23,reserved
R0273,340,23,reserved
R0274,443,24,reserved
R0275,500,24,flown
R0276,479,24,reserved
R0277,228,24,reserved
R0278,486,24,waitlist
R0279,91,24,reserved
R0280,234,24,waitlist
R0281,326,24,flown
R0282,223,24,reserved
R0283,328,24,reserved
R0284,466,24,reserved
R0285,277,24,reserved
R0286,227,25,reserved
R0287,212,25,reserved
R0288,156,25,reserved
R0289,268,25,flown
R0290,435,25,reserved
R0291,147,25,reserved
R0292,5,25,waitlist
R0293,252,25,flown
R0294,245,25,reserved
R0295,393,25,reserved
R0296,306,26,reserved
R0297,4,26,reserved
R0298,97,26,reserved
R0299,288,26,reserved
R0300,128,26,reserved
R0301,378,26,waitlist
R0302,425,26,reserved
R0303,135,26,reserved
R0304,321,26,reserved
R0305,392,26,waitlist
R0306,314,26,flown
R0307,351,26,reserved
R0308,381,27,reserved
R0309,138,27,reserved
R0310,437,27,reserved
R0311,70,27,reserved
R0312,327,27,reserved
R0313,232,27,reserved
R0314,319,27,reserved
R0315,165,27,reserved
R0316,26,27,flown
R0317,12,27,reserved
R0318,53,27,reserved
R0319,65,27,waitlist
R0320,373,27,reserved
R0321,47,27,reserved
R0322,253,27,reserved
R0323,160,28,waitlist
R0324,256,28,flown
R0325,238,28,waitlist
R0326,17,28,reserved
R0327,432,28,waitlist
R0328,75,28,reserved
R0329,398,28,reserved
R0330,279,28,reserved
R0331,99,28,flown
R0332,129,28,flown
R0333,425,28,reserved
R0334,499,28,waitlist
R0335,128,28,reserved
R0336,127,29,waitlist
R0337,18,29,reserved
R0338,377,29,waitlist
R0339,267,29,waitlist
R0340,107,29,reserved
R0341,349,29,flown
R0342,480,29,reserved
R0343,323,29,waitlist
R0344,382,29,flown
R0345,267,29,reserved
R0346,247,29,waitlist
R0347,102,29,reserved
R0348,27,29,flown
R0349,499,30,reserved
R0350,325,30,reserved
R0351,8,30,reserved
R0352,142,30,reserved
R0353,203,30,waitlist
R0354,5,30,flown
R0355,298,30,waitlist
R0356,244,30,waitlist
R0357,80,30,reserved
R0358,46,30,reserved
R0359,256,30,reserved
R0360,174,31,flown
R0361,389,31,waitlist
R0362,31,31,reserved
R0363,79,31,waitlist
R0364,406,31,reserved
R0365,250,31,reserved
R0366,286,31,waitlist
R0367,388,31,reserved
R0368,457,31,reserved
R0369,99,31,reserved
R0370,194,31,reserved
R0371,69,31,reserved
R0372,21,31,reserved
R0373,225,31,reserved
R0374,357,32,reserved
R0375,291,32,reserved
R0376,179,32,reserved
R0377,240,32,reserved
R0378,426,32,reserved
R0379,441,32,reserved
R0380,36,32,reserved
R0381,231,32,reserved
R0382,135,32,reserved
R0383,233,32,reserved
R0384,327,32,reserved
R0385,376,32,reserved
R0386,10,32,waitlist
R0387,187,32,waitlist
R0388,165,33,waitlist
R0389,338,33,flown
R0390,420,33,reserved
R0391,269,33,waitlist
R0392,393,33,reserved
R0393,314,33,reserved
R0394,210,33,waitlist
R0395,57,33,reserved
R0396,338,33,reserved
R0397,428,33,flown
R0398,92,33,flown
R0399,55,34,reserved
R0400,51,34,reserved
R0401,329,34,flown
R0402,337,34,reserved
R0403,320,34,waitlist
R0404,132,34,reserved
R0405,114,34,waitlist
R0406,37,34,reserved
R0407,472,34,reserved
R0408,252,34,flown
R0409,427,34,reserved
R0410,32,35,reserved
R0411,381,35,flown
R0412,213,35,flown
R0413,407,35,waitlist
R0414,422,35,waitlist
R0415,271,35,reserved
R0416,37,35,flown
R0417,40,35,flown
R0418,492,35,reserved
R0419,52,35,waitlist
R0420,273,35,reserved
R0421,99,35,reserved
R0422,128,35,reserved
R0423,486,35,reserved
R0424,384,35,reserved
R0425,55,36,waitlist
R0426,296,36,reserved
R0427,235,36,waitlist
R0428,219,36,flown
R0429,86,36,waitlist
R0430,282,36,reserved
R0431,173,36,waitlist
R0432,274,36,flown
R0433,227,36,flown
R0434,463,36,reserved
R0435,167,36,flown
R0436,212,36,waitlist
R0437,221,36,flown
R0438,166,36,waitlist
R0439,289,36,reserved
R0440,393,37,reserved
R0441,382,37,reserved
R0442,493,37,reserved
R0443,492,37,reserved
R0444,372,37,reserved
R0445,146,37,reserved
R0446,266,37,reserved
R0447,456,37,reserved
R0448,154,37,flown
R0449,110,37,flown
R0450,12,37,waitlist
R0451,483,37,waitlist
R0452,142,37,flown
R0453,285,38,reserved
R0454,293,38,reserved
R0455,20,38,reserved
R0456,80,38,reserved
R0457,188,38,flown
R0458,128,38,reserved
R0459,416,38,reserved
R0460,293,38,reserved
R0461,470,38,reserved
R0462,40,38,waitlist
R0463,406,38,reserved
R0464,250,38,flown
R0465,354,38,waitlist
R0466,420,38,flown
R0467,329,39,reserved
R0468,375,39,flown
R0469,196,39,reserved
R0470,29,39,flown
R0471,172,39,reserved
R0472,419,39,reserved
R0473,477,39,flown
R0474,446,39,waitlist
R0475,383,39,waitlist
R0476,309,39,flown
R0477,325,39,waitlist
R0478,196,39,reserved
R0479,269,39,reserved
R0480,277,39,reserved
R0481,258,40,waitlist
R0482,79,40,reserved
R0483,375,40,flown
R0484,498,40,reserved
R0485,305,40,reserved
R0486,47,40,reserved
R0487,149,40,waitlist
R0488,76,40,reserved
R0489,43,40,reserved
R0490,382,40,reserved
R0491,205,40,reserved
R0492,205,40,reserved
R0493,67,41,waitlist
R0494,247,41,reserved
R0495,250,41,reserved
R0496,293,41,reserved
R0497,316,41,flown
R0498,269,41,reserved
R0499,37,41,reserved
R0500,221,41,reserved
R0501,474,41,reserved
R0502,58,41,waitlist
R0503,217,41,reserved
R0504,98,41,reserved
R0505,305,41,waitlist
R0506,395,41,reserved
R0507,180,41,waitlist
R0508,320,42,reserved
R0509,23,42,flown
R0510,120,42,reserved
R0511,192,42,reserved
R0512,373,42,flown
R0513,58,42,waitlist
R0514,125,42,flown
R0515,475,42,reserved
R0516,427,42,flown
R0517,8,42,reserved
R0518,412,42,reserved
R0519,231,42,reserved
R0520,170,42,reserved
R0521,109,43,reserved
R0522,268,43,waitlist
R0523,281,43,reserved
R0524,374,43,flown
R0525,356,43,waitlist
R0526,10,43,reserved
R0527,464,43,waitlist
R0528,23,43,reserved
R0529,31,43,reserved
R0530,405,43,waitlist
R0531,139,43,reserved
R0532,336,43,flown
R0533,35,43,reserved
R0534,139,43,waitlist
R0535,185,44,flown
R0536,10,44,reserved
R0537,453,44,waitlist
R0538,119,44,flown
R0539,261,44,flown
R0540,51,44,flown
R0541,249,44,flown
R0542,273,44,reserved
R0543,102,44,reserved
R0544,235,44,reserved
R0545,365,44,reserved
R0546,127,44,flown
R0547,157,44,reserved
R0548,202,44,waitlist
R0549,10,44,reserved
R0550,182,45,waitlist
R0551,121,45,flown
R0552,257,45,reserved
R0553,32,45,waitlist
R0554,450,45,reserved
R0555,418,45,flown
R0556,484,45,reserved
R0557,144,45,reserved
R0558,175,45,flown
R0559,337,45,reserved
R0560,374,45,reserved
R0561,492,45,waitlist
R0562,352,46,reserved
R0563,124,46,reserved
R0564,219,46,flown
R0565,466,46,waitlist
R0566,230,46,reserved
R0567,106,46,waitlist
R0568,298,46,reserved
R0569,410,46,reserved
R0570,71,46,reserved
R0571,362,46,flown
R0572,466,46,reserved
R0573,466,46,flown
R0574,75,46,waitlist
R0575,290,46,flown
R0576,163,46,reserved
R0577,486,47,waitlist
R0578,95,47,reserved
R0579,451,47,reserved
R0580,16,47,waitlist
R0581,451,47,flown
R0582,493,47,reserved
R0583,227,47,waitlist
R0584,421,47,flown
R0585,478,47,waitlist
R0586,78,47,waitlist
R0587,55,47,reserved
R0588,14,47,waitlist
R0589,314,47,waitlist
R0590,311,47,reserved
R0591,306,48,reserved
R0592,352,48,reserved
R0593,41,48,waitlist
R0594,245,48,reserved
R0595,434,48,waitlist
R0596,365,48,waitlist
R0597,95,48,flown
R0598,252,48,reserved
R0599,84,48,reserved
R0600,17,48,reserved
R0601,497,48,reserved
R0602,487,49,reserved
R0603,381,49,waitlist
R0604,104,49,waitlist
R0605,34,49,reserved
R0606,489,49,flown
R0607,444,49,waitlist
R0608,353,49,reserved
R0609,235,49,flown
R0610,219,49,reserved
R0611,22,49,waitlist
R0612,423,49,reserved
R0613,161,49,reserved
R0614,293,50,reserved
R0615,269,50,waitlist
R0616,361,50,waitlist
R0617,267,50,reserved
R0618,234,50,flown
R0619,22,50,flown
R0620,126,50,reserved
R0621,203,50,flown
R0622,21,50,reserved
R0623,265,50,waitlist
R0624,493,50,reserved
R0625,150,50,reserved
R0626,453,50,reserved
R0627,424,50,reserved
R0628,86,50,reserved
R0629,471,51,reserved
R0630,265,51,flown
R0631,238,51,flown
R0632,232,51,reserved
R0633,257,51,reserved
R0634,399,51,reserved
R0635,458,51,waitlist
R0636,70,51,reserved
R0637,166,51,reserved
R0638,92,51,reserved
R0639,460,51,waitlist
R0640,104,51,flown
R0641,47,51,reserved
R0642,355,51,waitlist
R0643,408,52,reserved
R0644,376,52,reserved
R0645,59,52,waitlist
R0646,325,52,reserved
R0647,269,52,waitlist
R0648,373,52,waitlist
R0649,262,52,waitlist
R0650,82,52,reserved
R0651,195,52,reserved
R0652,88,52,flown
R0653,290,52,flown
R0654,442,52,reserved
R0655,445,52,reserved
R0656,394,52,waitlist
R0657,215,52,reserved
R0658,394,53,flown
R0659,148,53,waitlist
R0660,61,53,flown
R0661,492,53,reserved
R0662,319,53,waitlist
R0663,7,53,reserved
R0664,438,53,reserved
R0665,414,53,reserved
R0666,452,53,reserved
R0667,112,53,reserved
R0668,244,53,reserved
R0669,227,53,reserved
R0670,308,53,reserved
R0671,452,53,reserved
R0672,318,53,waitlist
R0673,26,54,reserved
R0674,29,54,waitlist
R0675,19,54,reserved
R0676,17,54,waitlist
R0677,430,54,waitlist
R0678,170,54,flown
R0679,26,54,reserved
R0680,92,54,reserved
R0681,146,54,waitlist
R0682,355,54,waitlist
R0683,294,54,waitlist
R0684,495,55,reserved
R0685,297,55,reserved
R0686,19,55,reserved
R0687,154,55,reserved
R0688,460,55,reserved
R0689,35,55,waitlist
R0690,432,55,reserved
R0691,150,55,reserved
R0692,63,55,waitlist
R0693,141,55,reserved
R0694,212,55,reserved
R0695,108,56,waitlist
R0696,56,56,reserved
R0697,323,56,reserved
R0698,45,56,reserved
R0699,353,56,waitlist
R0700,404,56,flown
R0701,148,56,reserved
R0702,435,56,reserved
R0703,270,56,reserved
R0704,320,56,reserved
R0705,67,56,waitlist
R0706,255,56,reserved
R0707,324,56,reserved
R0708,414,56,reserved
R0709,313,56,reserved
R0710,100,57,reserved
R0711,13,57,reserved
R0712,408,57,reserved
R0713,435,57,reserved
R0714,316,57,flown
R0715,212,57,reserved
R0716,180,57,reserved
R0717,327,57,reserved
R0718,328,57,reserved
R0719,145,57,reserved
R0720,35,57,reserved
R0721,260,57,reserved
R0722,59,58,waitlist
R0723,175,58,reserved
R0724,292,58,waitlist
R0725,15,58,flown
R0726,100,58,reserved
R0727,174,58,flown
R0728,246,58,flown
R0729,409,58,reserved
R0730,70,58,reserved
R0731,322,58,reserved
R0732,459,59,reserved
R0733,402,59,flown
R0734,476,59,waitlist
R0735,428,59,reserved
R0736,290,59,waitlist
R0737,162,59,reserved
R0738,10,59,reserved
R0739,351,59,reserved
R0740,470,59,flown
R0741,182,59,reserved
R0742,77,59,reserved
R0743,16,59,reserved
R0744,193,59,waitlist
R0745,432,59,reserved
R0746,200,60,reserved
R0747,60,60,flown
R0748,385,60,reserved
R0749,440,60,reserved
R0750,17,60,reserved
R0751,45,60,reserved
R0752,122,60,reserved
R0753,425,60,flown
R0754,111,60,reserved
R0755,90,60,reserved
R0756,402,60,reserved
R0757,104,60,flown
R0758,228,60,reserved
R0759,410,60,reserved
R0760,79,61,reserved
R0761,473,61,reserved
R0762,448,61,reserved
R0763,398,61,reserved
R0764,394,61,flown
R0765,421,61,flown
R0766,265,61,waitlist
R0767,68,61,reserved
R0768,19,61,reserved
R0769,366,61,flown
R0770,60,61,reserved
R0771,478,61,reserved
R0772,435,61,reserved
R0773,45,61,reserved
R0774,53,62,reserved
R0775,338,62,waitlist
R0776,12,62,reserved
R0777,160,62,waitlist
R0778,108,62,reserved
R0779,99,62,reserved
R0780,273,62,reserved
R0781,226,62,waitlist
R0782,140,62,reserved
R0783,141,62,reserved
R0784,287,63,reserved
R0785,106,63,reserved
R0786,282,63,reserved
R0787,73,63,flown
R0788,412,63,reserved
R0789,126,63,reserved
R0790,160,63,waitlist
R0791,174,63,reserved
R0792,26,63,reserved
R0793,242,63,flown
R0794,26,63,reserved
R0795,28,63,reserved
R0796,201,63,reserved
R0797,306,63,flown
R0798,429,64,waitlist
R0799,229,64,waitlist
R0800,160,64,reserved
R0801,102,64,waitlist
R0802,344,64,flown
R0803,41,64,flown
R0804,387,64,waitlist
R0805,291,64,reserved
R0806,417,64,flown
R0807,358,64,reserved
R0808,234,64,reserved
R0809,330,64,waitlist
R0810,239,64,reserved
R0811,486,64,reserved
R0812,441,64,flown
R0813,468,65,reserved
R0814,94,65,waitlist
R0815,341,65,reserved
R0816,441,65,flown
R0817,233,65,reserved
R0818,34,65,reserved
R0819,180,65,reserved
R0820,434,65,reserved
R0821,394,65,reserved
R0822,295,65,reserved
R0823,53,65,reserved
R0824,366,65,waitlist
R0825,285,66,waitlist
R0826,406,66,reserved
R0827,237,66,reserved
R0828,212,66,reserved
R0829,125,66,reserved
R0830,499,66,reserved
R0831,34,66,reserved
R0832,417,66,waitlist
R0833,221,66,waitlist
R0834,223,66,reserved
R0835,176,66,reserved
R0836,121,66,reserved
R0837,40,67,waitlist
R0838,365,67,reserved
R0839,250,67,reserved
R0840,306,67,reserved
R0841,285,67,reserved
R0842,228,67,reserved
R0843,490,67,reserved
R0844,307,67,reserved
R0845,417,67,reserved
R0846,420,67,reserved
R0847,254,67,waitlist
R0848,32,67,reserved
R0849,419,67,reserved
R0850,298,67,flown
R0851,326,67,flown
R0852,339,68,reserved
R0853,273,68,reserved
R0854,316,68,reserved
R0855,101,68,reserved
R0856,450,68,reserved
R0857,292,68,waitlist
R0858,348,68,reserved
R0859,483,68,flown
R0860,368,68,flown
R0861,177,68,flown
R0862,299,68,reserved
R0863,207,69,flown
R0864,437,69,reserved
R0865,190,69,flown
R0866,496,69,reserved
R0867,361,69,reserved
R0868,184,69,reserved
R0869,145,69,flown
R0870,121,69,reserved
R0871,303,69,reserved
R0872,163,69,waitlist
R0873,208,69,reserved
R0874,280,69,reserved
R0875,89,69,reserved
R0876,97,69,reserved
R0877,431,70,reserved
R0878,148,70,flown
R0879,344,70,reserved
R0880,6,70,reserved
R0881,9,70,reserved
R0882,454,70,reserved
R0883,224,70,flown
R0884,70,70,reserved
R0885,329,70,flown
R0886,441,70,reserved
R0887,404,70,waitlist
R0888,477,70,reserved
R0889,233,71,reserved
R0890,283,71,flown
R0891,197,71,reserved
R0892,96,71,reserved
R0893,4,71,reserved
R0894,434,71,waitlist
R0895,365,71,reserved
R0896,211,71,flown
R0897,296,71,reserved
R0898,20,71,reserved
R0899,361,71,reserved
R0900,247,72,flown
R0901,41,72,reserved
R0902,375,72,reserved
R0903,440,72,flown
R0904,399,72,reserved
R0905,265,72,reserved
R0906,456,72,waitlist
R0907,126,72,reserved
R0908,380,72,waitlist
R0909,343,72,reserved
R0910,325,72,reserved
R0911,297,72,reserved
R0912,28,72,flown
R0913,274,72,waitlist
R0914,233,73,reserved
R0915,241,73,reserved
R0916,170,73,reserved
R0917,492,73,flown
R0918,151,73,reserved
R0919,19,73,waitlist
R0920,306,73,waitlist
R0921,373,73,waitlist
R0922,134,73,reserved
R0923,243,73,reserved
R0924,294,73,reserved
R0925,150,73,flown
R0926,320,73,reserved
R0927,43,74,reserved
R0928,40,74,flown
R0929,143,74,reserved
R0930,316,74,reserved
R0931,440,74,reserved
R0932,380,74,reserved
R0933,90,74,flown
R0934,379,74,reserved
R0935,229,74,reserved
R0936,90,74,reserved
R0937,359,74,reserved
R0938,93,74,waitlist
R0939,442,74,reserved
R0940,496,75,reserved
R0941,479,75,flown
R0942,429,75,reserved
R0943,212,75,waitlist
R0944,122,75,waitlist
R0945,372,75,waitlist
R0946,108,75,reserved
R0947,432,75,reserved
R0948,329,75,reserved
R0949,420,75,reserved
R0950,238,76,reserved
R0951,155,76,reserved
R0952,486,76,waitlist
R0953,273,76,reserved
R0954,350,76,waitlist
R0955,243,76,reserved
R0956,272,76,flown
R0957,7,76,reserved
R0958,409,76,reserved
R0959,348,76,reserved
R0960,272,76,waitlist
R0961,50,77,flown
R0962,327,77,reserved
R0963,433,77,reserved
R0964,471,77,waitlist
R0965,140,77,reserved
R0966,137,77,flown
R0967,131,77,waitlist
R0968,201,77,reserved
R0969,346,77,waitlist
R0970,376,77,waitlist
R0971,267,78,reserved
R0972,354,78,flown
R0973,161,78,reserved
R0974,345,78,reserved
R0975,35,78,reserved
R0976,51,78,reserved
R0977,351,78,reserved
R0978,113,78,waitlist
R0979,129,78,reserved
R0980,13,78,waitlist
R0981,30,78,flown
R0982,458,79,flown
R0983,487,79,reserved
R0984,63,79,waitlist
R0985,62,79,reserved
R0986,310,79,reserved
R0987,337,79,waitlist
R0988,332,79,reserved
R0989,496,79,reserved
R0990,57,79,waitlist
R0991,130,79,reserved
R0992,339,79,flown
R0993,328,79,reserved
R0994,142,79,waitlist
R0995,355,79,flown
R0996,395,79,waitlist
R0997,83,80,waitlist
R0998,142,80,waitlist
R0999,196,80,reserved
R1000,31,80,reserved
R1001,417,80,reserved
R1002,226,80,reserved
R1003,476,80,reserved
R1004,202,80,reserved
R1005,252,80,reserved
R1006,277,80,waitlist
R1007,112,80,waitlist
R1008,55,80,flown
R1009,133,81,reserved
R1010,38,81,reserved
R1011,373,81,reserved
R1012,229,81,reserved
R1013,255,81,reserved
R1014,328,81,reserved
R1015,20,81,waitlist
R1016,137,81,reserved
R1017,169,81,flown
R1018,295,81,reserved
R1019,363,81,flown
R1020,252,81,reserved
R1021,207,81,flown
R1022,400,81,flown
R1023,36,81,reserved
R1024,197,82,flown
R1025,419,82,waitlist
R1026,63,82,reserved
R1027,479,82,flown
R1028,171,82,waitlist
R1029,206,82,reserved
R1030,491,82,waitlist
R1031,188,82,reserved
R1032,492,82,reserved
R1033,431,82,reserved
R1034,332,83,reserved
R1035,284,83,reserved
R1036,197,83,waitlist
R1037,154,83,waitlist
R1038,459,83,reserved
R1039,353,83,reserved
R1040,44,83,flown
R1041,225,83,waitlist
R1042,72,83,reserved
R1043,13,83,waitlist
R1044,304,83,reserved
R1045,200,83,reserved
R1046,330,84,reserved
R1047,274,84,flown
R1048,416,84,reserved
R1049,9,84,reserved
R1050,29,84,reserved
R1051,370,84,reserved
R1052,61,84,reserved
R1053,335,84,waitlist
R1054,235,84,flown
R1055,446,84,flown
R1056,77,84,waitlist
R1057,120,84,flown
R1058,19,84,waitlist
R1059,251,84,waitlist
R1060,465,85,flown
R1061,24,85,reserved
R1062,333,85,reserved
R1063,89,85,waitlist
R1064,464,85,reserved
R1065,407,85,reserved
R1066,313,85,reserved
R1067,303,85,reserved
R1068,419,85,reserved
R1069,255,85,reserved
R1070,316,85,reserved
R1071,412,85,reserved
R1072,173,85,flown
R1073,348,86,reserved
R1074,62,86,flown
R1075,295,86,reserved
R1076,165,86,flown
R1077,407,86,reserved
R1078,24,86,reserved
R1079,172,86,reserved
R1080,141,86,reserved
R1081,213,86,reserved
R1082,190,86,reserved
R1083,225,86,reserved
R1084,298,86,reserved
R1085,52,86,waitlist
R1086,324,86,waitlist
R1087,399,86,reserved
R1088,42,87,reserved
R1089,92,87,flown
R1090,362,87,waitlist
R1091,455,87,reserved
R1092,356,87,flown
R1093,396,87,reserved
R1094,65,87,reserved
R1095,328,87,reserved
R1096,231,87,reserved
R1097,481,87,reserved
R1098,355,87,reserved
R1099,93,87,waitlist
R1100,314,87,flown
R1101,424,88,waitlist
R1102,179,88,reserved
R1103,286,88,reserved
R1104,61,88,flown
R1105,49,88,waitlist
R1106,442,88,waitlist
R1107,277,88,reserved
R1108,238,88,waitlist
R1109,338,88,reserved
R1110,28,88,reserved
R1111,408,88,reserved
R1112,433,88,flown
R1113,243,88,reserved
R1114,82,88,waitlist
R1115,23,88,reserved
R1116,146,89,reserved
R1117,129,89,reserved
R1118,413,89,flown
R1119,233,89,reserved
R1120,380,89,reserved
R1121,276,89,reserved
R1122,403,89,reserved
R1123,264,89,reserved
R1124,459,89,reserved
R1125,228,89,reserved
R1126,167,89,reserved
R1127,383,89,waitlist
R1128,118,90,waitlist
R1129,167,90,reserved
R1130,122,90,waitlist
R1131,446,90,reserved
R1132,457,90,reserved
R1133,242,90,reserved
R1134,28,90,flown
R1135,75,90,reserved
R1136,313,90,reserved
R1137,199,90,reserved
R1138,235,90,waitlist
R1139,324,90,reserved
R1140,104,91,reserved
R1141,17,91,waitlist
R1142,31,91,reserved
R1143,57,91,flown
R1144,235,91,reserved
R1145,390,91,reserved
R1146,454,91,reserved
R1147,81,91,waitlist
R1148,327,91,flown
R1149,464,91,reserved
R1150,497,91,reserved
R1151,118,91,reserved
R1152,251,92,flown
R1153,111,92,reserved
R1154,429,92,reserved
R1155,8,92,waitlist
R1156,377,92,flown
R1157,127,92,reserved
R1158,297,92,reserved
R1159,475,92,reserved
R1160,77,92,flown
R1161,460,92,reserved
R1162,23,92,reserved
R1163,241,92,waitlist
R1164,259,92,reserved
R1165,272,92,reserved
R1166,421,93,reserved
R1167,254,93,reserved
R1168,286,93,waitlist
R1169,355,93,waitlist
R1170,487,93,reserved
R1171,184,93,reserved
R1172,332,93,flown
R1173,9,93,reserved
R1174,157,93,reserved
R1175,236,93,flown
R1176,383,93,reserved
R1177,500,93,reserved
R1178,396,93,reserved
R1179,361,93,reserved
R1180,405,93,flown
R1181,238,94,waitlist
R1182,1,94,flown
R1183,37,94,reserved
R1184,354,94,reserved
R1185,17,94,reserved
R1186,386,94,reserved
R1187,485,94,waitlist
R1188,295,94,waitlist
R1189,404,94,waitlist
R1190,318,94,flown
R1191,377,94,flown
R1192,264,94,flown
R1193,346,94,reserved
R1194,27,94,reserved
R1195,188,94,reserved
R1196,188,95,reserved
R1197,332,95,reserved
R1198,35,95,reserved
R1199,397,95,reserved
R1200,172,95,reserved
R1201,59,95,waitlist
R1202,378,95,flown
R1203,298,95,flown
R1204,360,95,reserved
R1205,382,95,waitlist
R1206,181,96,flown
R1207,258,96,waitlist
R1208,142,96,reserved
R1209,191,96,reserved
R1210,249,96,reserved
R1211,425,96,reserved
R1212,364,96,reserved
R1213,423,96,reserved
R1214,150,96,reserved
R1215,189,96,waitlist
R1216,485,96,waitlist
R1217,482,96,flown
R1218,457,97,flown
R1219,45,97,reserved
R1220,460,97,reserved
R1221,491,97,flown
R1222,56,97,reserved
R1223,58,97,waitlist
R1224,255,97,reserved
R1225,105,97,reserved
R1226,322,97,reserved
R1227,214,97,flown
R1228,278,97,flown
R1229,178,98,reserved
R1230,378,98,waitlist
R1231,150,98,reserved
R1232,12,98,flown
R1233,119,98,flown
R1234,267,98,waitlist
R1235,211,98,reserved
R1236,336,98,waitlist
R1237,168,98,reserved
R1238,341,98,waitlist
R1239,432,98,reserved
R1240,235,98,reserved
R1241,68,98,flown
R1242,88,99,waitlist
R1243,117,99,reserved
R1244,498,99,reserved
R1245,433,99,reserved
R1246,181,99,reserved
R1247,490,99,reserved
R1248,474,99,reserved
R1249,275,99,reserved
R1250,499,99,reserved
R1251,363,99,waitlist
R1252,342,99,waitlist
R1253,83,99,reserved
R1254,163,100,reserved
R1255,226,100,reserved
R1256,95,100,reserved
R1257,363,100,reserved
R1258,163,100,flown
R1259,76,100,reserved
R1260,277,100,flown
R1261,274,100,reserved
R1262,472,100,reserved
R1263,477,100,reserved
R1264,486,101,reserved
R1265,164,101,reserved
R1266,497,101,waitlist
R1267,500,101,reserved
R1268,332,101,waitlist
R1269,243,101,flown
R1270,497,101,flown
R1271,294,101,waitlist
R1272,410,101,reserved
R1273,465,101,flown
R1274,174,101,waitlist
R1275,246,102,flown
R1276,72,102,waitlist
R1277,60,102,reserved
R1278,206,102,waitlist
R1279,113,102,reserved
R1280,48,102,reserved
R1281,312,102,waitlist
R1282,299,102,reserved
R1283,401,102,flown
R1284,143,102,reserved
R1285,43,102,reserved
R1286,229,102,waitlist
R1287,491,102,reserved
R1288,263,102,reserved
R1289,252,102,reserved
R1290,262,103,flown
R1291,466,103,waitlist
R1292,204,103,reserved
R1293,438,103,reserved
R1294,198,103,reserved
R1295,146,103,reserved
R1296,158,103,flown
R1297,448,103,reserved
R1298,111,103,waitlist
R1299,228,103,waitlist
R1300,213,103,flown
R1301,148,103,reserved
R1302,373,103,flown
R1303,218,103,waitlist
R1304,72,104,flown
R1305,307,104,reserved
R1306,107,104,reserved
R1307,445,104,reserved
R1308,172,104,reserved
R1309,492,104,reserved
R1310,193,104,reserved
R1311,210,104,waitlist
R1312,140,104,reserved
R1313,285,104,reserved
R1314,291,104,waitlist
R1315,71,104,reserved
R1316,427,104,reserved
R1317,252,105,reserved
R1318,424,105,reserved
R1319,300,105,reserved
R1320,287,105,waitlist
R1321,115,105,reserved
R1322,2,105,reserved
R1323,154,105,flown
R1324,428,105,waitlist
R1325,64,105,waitlist
R1326,458,105,reserved
R1327,92,105,reserved
R1328,353,105,waitlist
R1329,15,105,reserved
R1330,142,105,reserved
R1331,307,106,waitlist
R1332,298,106,reserved
R1333,224,106,flown
R1334,322,106,waitlist
R1335,499,106,waitlist
R1336,62,106,reserved
R1337,376,106,reserved
R1338,433,106,reserved
R1339,298,106,reserved
R1340,164,106,reserved
R1341,70,107,reserved
R1342,28,107,reserved
R1343,215,107,waitlist
R1344,490,107,reserved
R1345,149,107,reserved
R1346,328,107,flown
R1347,264,107,reserved
R1348,322,107,reserved
R1349,49,107,reserved
R1350,86,107,reserved
R1351,447,107,reserved
R1352,433,107,waitlist
R1353,155,107,reserved
R1354,358,107,waitlist
R1355,50,107,reserved
R1356,422,108,reserved
R1357,71,108,reserved
R1358,191,108,waitlist
R1359,211,108,reserved
R1360,467,108,reserved
R1361,112,108,reserved
R1362,114,108,flown
R1363,408,108,flown
R1364,315,108,waitlist
R1365,488,108,reserved
R1366,273,108,waitlist
R1367,360,108,waitlist
R1368,214,109,reserved
R1369,40,109,reserved
R1370,68,109,flown
R1371,246,109,reserved
R1372,354,109,reserved
R1373,419,109,reserved
R1374,306,109,reserved
R1375,497,109,reserved
R1376,364,109,reserved
R1377,382,109,flown
R1378,66,110,flown
R1379,73,110,waitlist
R1380,158,110,reserved
R1381,67,110,flown
R1382,218,110,waitlist
R1383,402,110,reserved
R1384,10,110,waitlist
R1385,388,110,reserved
R1386,101,110,reserved
R1387,407,110,waitlist
R1388,304,110,reserved
R1389,466,111,reserved
R1390,34,111,reserved
R1391,6,111,waitlist
R1392,401,111,reserved
R1393,309,111,reserved
R1394,462,111,reserved
R1395,344,111,reserved
R1396,47,111,reserved
R1397,383,111,flown
R1398,486,111,reserved
R1399,83,112,flown
R1400,400,112,waitlist
R1401,124,112,reserved
R1402,35,112,reserved
R1403,297,112,waitlist
R1404,271,112,reserved
R1405,99,112,flown
R1406,88,112,flown
R1407,276,112,reserved
R1408,372,112,reserved
R1409,110,112,flown
R1410,436,112,waitlist
R1411,358,113,reserved
R1412,226,113,waitlist
R1413,55,113,reserved
R1414,182,113,flown
R1415,218,113,reserved
R1416,117,113,reserved
R1417,390,113,flown
R1418,64,113,reserved
R1419,267,113,reserved
R1420,391,113,reserved
R1421,148,113,reserved
R1422,21,113,reserved
R1423,60,114,reserved
R1424,234,114,waitlist
R1425,160,114,waitlist
R1426,431,114,reserved
R1427,284,114,reserved
R1428,438,114,reserved
R1429,439,114,reserved
R1430,431,114,flown
R1431,481,114,waitlist
R1432,92,114,reserved
R1433,346,114,reserved
R1434,54,114,reserved
R1435,268,114,waitlist
R1436,62,115,reserved
R1437,206,115,waitlist
R1438,53,115,waitlist
R1439,457,115,flown
R1440,34,115,reserved
R1441,102,115,reserved
R1442,305,115,flown
R1443,207,115,reserved
R1444,430,115,reserved
R1445,256,115,reserved
R1446,393,116,reserved
R1447,140,116,waitlist
R1448,411,116,waitlist
R1449,205,116,reserved
R1450,342,116,waitlist
R1451,208,116,flown
R1452,262,116,reserved
R1453,394,116,reserved
R1454,63,116,reserved
R1455,255,116,reserved
R1456,483,116,reserved
R1457,51,116,waitlist
R1458,426,116,reserved
R1459,348,116,reserved
R1460,92,116,reserved
R1461,168,117,reserved
R1462,319,117,waitlist
R1463,390,117,reserved
R1464,385,117,reserved
R1465,253,117,waitlist
R1466,104,117,reserved
R1467,255,117,reserved
R1468,134,117,reserved
R1469,415,117,flown
R1470,280,117,reserved
R1471,392,117,reserved
R1472,221,117,flown
R1473,61,117,reserved
R1474,162,117,flown
R1475,227,117,reserved
R1476,91,118,reserved
R1477,441,118,waitlist
R1478,453,118,waitlist
R1479,252,118,reserved
R1480,160,118,waitlist
R1481,250,118,waitlist
R1482,292,118,waitlist
R1483,338,118,reserved
R1484,277,118,reserved
R1485,244,118,reserved
R1486,260,119,reserved
R1487,135,119,reserved
R1488,498,119,reserved
R1489,347,119,reserved
R1490,146,119,reserved
R1491,15,119,reserved
R1492,66,119,flown
R1493,179,119,flown
R1494,299,119,reserved
R1495,457,119,waitlist
R1496,195,119,reserved
R1497,183,120,reserved
R1498,29,120,waitlist
R1499,127,120,reserved
R1500,160,120,reserved
R1501,467,120,waitlist
R1502,445,120,reserved
R1503,173,120,reserved
R1504,276,120,reserved
R1505,236,120,waitlist
R1506,217,120,reserved
R1507,462,120,reserved
R1508,11,120,waitlist
R1509,12,121,flown
R1510,194,121,reserved
R1511,166,121,reserved
R1512,414,121,reserved
R1513,354,121,waitlist
R1514,173,121,reserved
R1515,416,121,waitlist
R1516,174,121,reserved
R1517,154,121,reserved
R1518,224,121,reserved
R1519,326,121,flown
R1520,404,121,reserved
R1521,436,121,reserved
R1522,148,121,reserved
R1523,294,122,reserved
R1524,116,122,waitlist
R1525,491,122,reserved
R1526,433,122,reserved
R1527,304,122,reserved
R1528,35,122,reserved
R1529,272,122,reserved
R1530,108,122,reserved
R1531,40,122,waitlist
R1532,155,122,reserved
R1533,154,122,reserved
R1534,277,122,reserved
R1535,206,123,reserved
R1536,264,123,reserved
R1537,391,123,reserved
R1538,452,123,reserved
R1539,361,123,reserved
R1540,96,123,reserved
R1541,110,123,waitlist
R1542,422,123,waitlist
R1543,240,123,reserved
R1544,327,123,reserved
R1545,315,123,flown
R1546,465,123,reserved
R1547,290,123,waitlist
R1548,268,124,reserved
R1549,237,124,reserved
R1550,78,124,waitlist
R1551,392,124,reserved
R1552,223,124,reserved
R1553,441,124,flown
R1554,33,124,waitlist
R1555,434,124,reserved
R1556,422,124,reserved
R1557,83,124,reserved
R1558,121,125,reserved
R1559,59,125,reserved
R1560,15,125,reserved
R1561,424,125,reserved
R1562,249,125,reserved
R1563,224,125,reserved
R1564,464,125,reserved
R1565,82,125,reserved
R1566,15,125,reserved
R1567,412,125,reserved
R1568,282,125,reserved
R1569,437,125,reserved
R1570,370,125,reserved
R1571,11,125,reserved
R1572,161,126,waitlist
R1573,444,126,reserved
R1574,490,126,reserved
R1575,187,126,waitlist
R1576,454,126,reserved
R1577,483,126,flown
R1578,432,126,reserved
R1579,58,126,reserved
R1580,257,126,flown
R1581,268,126,waitlist
R1582,487,127,waitlist
R1583,269,127,reserved
R1584,453,127,reserved
R1585,308,127,reserved
R1586,414,127,reserved
R1587,427,127,reserved
R1588,200,127,flown
R1589,381,127,reserved
R1590,217,127,reserved
R1591,55,127,reserved
R1592,497,127,reserved
R1593,210,127,reserved
R1594,302,127,reserved
R1595,274,127,reserved
R1596,163,128,reserved
R1597,244,128,waitlist
R1598,494,128,reserved
R1599,402,128,flown
R1600,186,128,reserved
R1601,189,128,flown
R1602,11,128,waitlist
R1603,464,128,waitlist
R1604,431,128,waitlist
R1605,410,128,flown
R1606,470,129,waitlist
R1607,123,129,reserved
R1608,197,129,reserved
R1609,491,129,waitlist
R1610,463,129,flown
R1611,63,129,reserved
R1612,122,129,flown
R1613,199,129,reserved
R1614,492,129,reserved
R1615,470,129,reserved
R1616,47,129,flown
R1617,388,129,reserved
R1618,108,129,flown
R1619,83,129,flown
R1620,324,129,reserved
R1621,209,130,waitlist
R1622,141,130,flown
R1623,422,130,waitlist
R1624,252,130,reserved
R1625,212,130,flown
R1626,171,130,waitlist
R1627,449,130,flown
R1628,52,130,flown
R1629,358,130,reserved
R1630,34,130,reserved
R1631,309,130,waitlist
R1632,281,130,waitlist
R1633,233,130,waitlist
R1634,391,130,reserved
R1635,329,130,reserved
R1636,406,131,waitlist
R1637,2,131,reserved
R1638,322,131,reserved
R1639,295,131,reserved
R1640,81,131,reserved
R1641,366,131,flown
R1642,426,131,waitlist
R1643,67,131,flown
R1644,352,131,reserved
R1645,481,131,reserved
R1646,245,131,flown
R1647,69,131,reserved
R1648,352,131,reserved
R1649,410,132,reserved
R1650,44,132,reserved
R1651,94,132,reserved
R1652,194,132,flown
R1653,453,132,reserved
R1654,11,132,flown
R1655,473,132,reserved
R1656,314,132,waitlist
R1657,465,132,reserved
R1658,237,132,reserved
R1659,360,132,flown
R1660,26,132,reserved
R1661,308,133,reserved
R1662,46,133,flown
R1663,88,133,flown
R1664,61,133,reserved
R1665,270,133,reserved
R1666,472,133,flown
R1667,424,133,waitlist
R1668,61,133,reserved
R1669,105,133,reserved
R1670,442,133,flown
R1671,137,133,reserved
R1672,254,133,reserved
R1673,221,133,flown
R1674,111,134,flown
R1675,145,134,waitlist
R1676,97,134,reserved
R1677,210,134,waitlist
R1678,15,134,reserved
R1679,135,134,reserved
R1680,231,134,flown
R1681,190,134,reserved
R1682,332,134,reserved
R1683,6,134,reserved
R1684,447,134,reserved
R1685,355,134,reserved
R1686,109,134,waitlist
R1687,363,134,reserved
R1688,132,135,reserved
R1689,286,135,reserved
R1690,171,135,flown
R1691,242,135,flown
R1692,311,135,flown
R1693,496,135,flown
R1694,364,135,waitlist
R1695,24,135,reserved
R1696,259,135,waitlist
R1697,155,135,flown
R1698,344,135,reserved
R1699,496,135,flown
R1700,22,135,reserved
R1701,134,135,reserved
R1702,477,136,reserved
R1703,240,136,reserved
R1704,163,136,waitlist
R1705,222,136,reserved
R1706,60,136,reserved
R1707,66,136,reserved
R1708,499,136,flown
R1709,383,136,reserved
R1710,221,136,reserved
R1711,449,136,reserved
R1712,425,136,waitlist
R1713,136,136,reserved
R1714,224,136,flown
R1715,378,137,flown
R1716,392,137,flown
R1717,285,137,flown
R1718,337,137,waitlist
R1719,226,137,reserved
R1720,77,137,reserved
R1721,94,137,reserved
R1722,134,137,reserved
R1723,240,137,reserved
R1724,459,137,flown
R1725,21,137,reserved
R1726,364,137,reserved
R1727,253,138,reserved
R1728,369,138,flown
R1729,64,138,reserved
R1730,105,138,flown
R1731,93,138,flown
R1732,384,138,reserved
R1733,140,138,reserved
R1734,340,138,reserved
R1735,299,138,flown
R1736,3,138,reserved
R1737,293,138,reserved
R1738,472,138,reserved
R1739,394,138,reserved
R1740,455,139,reserved
R1741,146,139,waitlist
R1742,349,139,reserved
R1743,192,139,reserved
R1744,488,139,reserved
R1745,166,139,reserved
R1746,42,139,reserved
R1747,363,139,waitlist
R1748,233,139,waitlist
R1749,138,139,reserved
R1750,169,140,flown
R1751,336,140,waitlist
R1752,232,140,reserved
R1753,375,140,flown
R1754,465,140,flown
R1755,292,140,reserved
R1756,442,140,reserved
R1757,330,140,reserved
R1758,409,140,reserved
R1759,37,140,reserved
R1760,196,141,reserved
R1761,131,141,reserved
R1762,495,141,waitlist
R1763,205,141,reserved
R1764,437,141,reserved
R1765,199,141,waitlist
R1766,146,141,waitlist
R1767,489,141,waitlist
R1768,62,141,reserved
R1769,411,141,reserved
R1770,413,141,flown
R1771,463,141,waitlist
R1772,68,141,reserved
R1773,50,141,flown
R1774,103,142,reserved
R1775,454,142,reserved
R1776,138,142,reserved
R1777,217,142,reserved
R1778,217,142,flown
R1779,315,142,reserved
R1780,323,142,reserved
R1781,21,142,reserved
R1782,499,142,reserved
R1783,115,142,waitlist
R1784,366,142,reserved
R1785,254,142,reserved
R1786,332,142,reserved
R1787,149,142,reserved
R1788,465,143,flown
R1789,154,143,reserved
R1790,66,143,waitlist
R1791,154,143,flown
R1792,268,143,reserved
R1793,292,143,reserved
R1794,40,143,flown
R1795,263,143,reserved
R1796,218,143,reserved
R1797,238,143,waitlist
R1798,417,144,reserved
R1799,131,144,reserved
R1800,394,144,reserved
R1801,59,144,waitlist
R1802,237,144,reserved
R1803,94,144,flown
R1804,24,144,reserved
R1805,449,144,waitlist
R1806,161,144,reserved
R1807,233,144,waitlist
R1808,231,144,waitlist
R1809,136,144,reserved
R1810,471,144,flown
R1811,96,144,reserved
R1812,383,145,flown
R1813,133,145,flown
R1814,55,145,reserved
R1815,10,145,reserved
R1816,60,145,reserved
R1817,336,145,reserved
R1818,355,145,reserved
R1819,337,145,flown
R1820,309,145,waitlist
R1821,156,145,waitlist
R1822,185,146,waitlist
R1823,494,146,waitlist
R1824,203,146,flown
R1825,45,146,reserved
R1826,8,146,reserved
R1827,418,146,reserved
R1828,497,146,reserved
R1829,14,146,reserved
R1830,333,146,reserved
R1831,124,146,reserved
R1832,321,146,flown
R1833,276,146,reserved
R1834,155,146,waitlist
R1835,76,146,reserved
R1836,60,147,reserved
R1837,79,147,waitlist
R1838,228,147,flown
R1839,242,147,reserved
R1840,231,147,reserved
R1841,104,147,reserved
R1842,425,147,flown
R1843,27,147,reserved
R1844,53,147,waitlist
R1845,366,147,reserved
R1846,435,148,reserved
R1847,297,148,reserved
R1848,284,148,flown
R1849,19,148,reserved
R1850,249,148,reserved
R1851,372,148,waitlist
R1852,348,148,flown
R1853,445,148,reserved
R1854,366,148,reserved
R1855,10,148,reserved
R1856,162,148,reserved
R1857,138,148,flown
R1858,214,148,flown
R1859,254,149,waitlist
R1860,331,149,reserved
R1861,358,149,reserved
R1862,83,149,reserved
R1863,99,149,reserved
R1864,225,149,reserved
R1865,113,149,reserved
R1866,351,149,reserved
R1867,309,149,flown
R1868,367,149,waitlist
R1869,453,150,reserved
R1870,365,150,reserved
R1871,214,150,flown
R1872,345,150,waitlist
R1873,185,150,waitlist
R1874,410,150,flown
R1875,83,150,waitlist
R1876,145,150,waitlist
R1877,45,150,waitlist
R1878,67,150,reserved
R1879,81,150,waitlist
R1880,407,151,reserved
R1881,253,151,reserved
R1882,108,151,reserved
R1883,10,151,reserved
R1884,134,151,reserved
R1885,82,151,reserved
R1886,441,151,flown
R1887,17,151,flown
R1888,173,151,reserved
R1889,317,151,reserved
R1890,115,152,reserved
R1891,175,152,waitlist
R1892,394,152,reserved
R1893,450,152,reserved
R1894,459,152,reserved
R1895,354,152,flown
R1896,310,152,waitlist
R1897,362,152,reserved
R1898,485,152,reserved
R1899,235,152,flown
R1900,387,152,reserved
R1901,55,152,waitlist
R1902,313,152,waitlist
R1903,486,152,reserved
R1904,22,153,reserved
R1905,86,153,waitlist
R1906,446,153,reserved
R1907,186,153,reserved
R1908,150,153,waitlist
R1909,391,153,reserved
R1910,376,153,flown
R1911,79,153,waitlist
R1912,172,153,flown
R1913,63,153,flown
R1914,225,153,flown
R1915,394,153,waitlist
R1916,126,153,flown
R1917,243,153,reserved
R1918,88,154,reserved
R1919,191,154,waitlist
R1920,213,154,reserved
R1921,341,154,reserved
R1922,386,154,waitlist
R1923,216,154,waitlist
R1924,71,154,flown
R1925,212,154,flown
R1926,460,154,reserved
R1927,437,154,reserved
R1928,350,154,reserved
R1929,16,154,reserved
R1930,395,154,reserved
R1931,413,154,reserved
R1932,44,155,reserved
R1933,206,155,flown
R1934,85,155,reserved
R1935,202,155,waitlist
R1936,339,155,flown
R1937,78,155,flown
R1938,30,155,flown
R1939,366,155,waitlist
R1940,449,155,reserved
R1941,152,155,reserved
R1942,359,156,reserved
R1943,156,156,waitlist
R1944,161,156,flown
R1945,5,156,flown
R1946,461,156,reserved
R1947,472,156,reserved
R1948,207,156,reserved
R1949,106,156,flown
R1950,320,156,waitlist
R1951,334,156,reserved
R1952,177,156,flown
R1953,401,156,waitlist
R1954,398,156,reserved
R1955,155,156,reserved
R1956,276,156,reserved
R1957,369,157,waitlist
R1958,65,157,reserved
R1959,277,157,reserved
R1960,48,157,reserved
R1961,160,157,reserved
R1962,388,157,waitlist
R1963,12,157,reserved
R1964,408,157,reserved
R1965,133,157,reserved
R1966,397,157,reserved
R1967,217,157,flown
R1968,57,157,waitlist
R1969,431,157,reserved
R1970,322,157,reserved
R1971,64,157,reserved
R1972,482,158,reserved
R1973,153,158,reserved
R1974,3,158,reserved
R1975,121,158,flown
R1976,298,158,reserved
R1977,458,158,flown
R1978,341,158,reserved
R1979,305,158,reserved
R1980,154,158,reserved
R1981,402,158,flown
R1982,294,158,waitlist
R1983,366,158,reserved
R1984,378,158,reserved
R1985,168,158,reserved
R1986,99,158,flown
R1987,233,159,reserved
R1988,365,159,reserved
R1989,211,159,reserved
R1990,32,159,reserved
R1991,67,159,reserved
R1992,229,159,reserved
R1993,347,159,reserved
R1994,302,159,reserved
R1995,399,159,reserved
R1996,136,159,reserved
R1997,326,159,reserved
R1998,226,159,waitlist
R1999,375,160,flown
R2000,422,160,reserved
R2001,259,160,reserved
R2002,365,160,reserved
R2003,496,160,waitlist
R2004,442,160,reserved
R2005,356,160,reserved
R2006,243,160,reserved
R2007,81,160,flown
R2008,190,160,flown
R2009,61,160,waitlist
R2010,210,160,reserved
R2011,190,160,reserved
R2012,268,161,reserved
R2013,191,161,reserved
R2014,192,161,reserved
R2015,249,161,reserved
R2016,74,161,reserved
R2017,302,161,reserved
R2018,480,161,flown
R2019,456,161,reserved
R2020,94,161,flown
R2021,251,161,reserved
R2022,179,162,reserved
R2023,23,162,reserved
R2024,294,162,reserved
R2025,232,162,flown
R2026,401,162,reserved
R2027,428,162,waitlist
R2028,311,162,reserved
R2029,71,162,reserved
R2030,236,162,waitlist
R2031,342,162,reserved
R2032,444,162,waitlist
R2033,46,162,waitlist
R2034,341,162,waitlist
R2035,199,162,reserved
R2036,174,163,reserved
R2037,491,163,waitlist
R2038,227,163,waitlist
R2039,331,163,reserved
R2040,85,163,waitlist
R2041,293,163,waitlist
R2042,396,163,waitlist
R2043,288,163,waitlist
R2044,330,163,reserved
R2045,99,163,flown
R2046,278,163,reserved
R2047,28,163,flown
R2048,268,163,reserved
R2049,258,164,flown
R2050,62,164,waitlist
R2051,273,164,reserved
R2052,10,164,reserved
R2053,106,164,reserved
R2054,362,164,flown
R2055,297,164,reserved
R2056,414,164,reserved
R2057,165,164,reserved
R2058,24,164,reserved
R2059,479,164,reserved
R2060,224,164,reserved
R2061,13,164,flown
R2062,196,165,reserved
R2063,59,165,flown
R2064,278,165,reserved
R2065,74,165,reserved
R2066,394,165,reserved
R2067,158,165,flown
R2068,348,165,reserved
R2069,315,165,flown
R2070,93,165,reserved
R2071,30,165,reserved
R2072,51,165,reserved
R2073,212,165,flown
R2074,193,166,flown
R2075,461,166,reserved
R2076,104,166,reserved
R2077,306,166,reserved
R2078,253,166,reserved
R2079,259,166,reserved
R2080,59,166,reserved
R2081,163,166,reserved
R2082,209,166,reserved
R2083,15,166,reserved
R2084,120,166,flown
R2085,10,166,reserved
R2086,346,167,reserved
R2087,391,167,reserved
R2088,403,167,reserved
R2089,291,167,reserved
R2090,43,167,flown
R2091,257,167,reserved
R2092,496,167,reserved
R2093,277,167,flown
R2094,401,167,reserved
R2095,488,167,reserved
R2096,467,167,reserved
R2097,22,167,reserved
R2098,238,167,flown
R2099,318,167,reserved
R2100,1,168,reserved
R2101,472,168,reserved
R2102,307,168,reserved
R2103,349,168,reserved
R2104,180,168,flown
R2105,109,168,reserved
R2106,262,168,reserved
R2107,83,168,waitlist
R2108,289,168,reserved
R2109,46,168,reserved
R2110,63,168,flown
R2111,285,169,flown
R2112,450,169,reserved
R2113,313,169,reserved
R2114,411,169,reserved
R2115,350,169,flown
R2116,326,169,reserved
R2117,386,169,waitlist
R2118,140,169,reserved
R2119,165,169,reserved
R2120,236,169,flown
R2121,169,169,reserved
R2122,355,169,reserved
R2123,473,169,reserved
R2124,244,169,reserved
R2125,5,169,waitlist
R2126,285,170,flown
R2127,361,170,reserved
R2128,202,170,reserved
R2129,404,170,flown
R2130,334,170,reserved
R2131,16,170,flown
R2132,418,170,waitlist
R2133,345,170,reserved
R2134,498,170,flown
R2135,424,170,waitlist
R2136,199,170,reserved
R2137,394,170,flown
R2138,5,170,reserved
R2139,480,171,reserved
R2140,5,171,reserved
R2141,11,171,waitlist
R2142,349,171,flown
R2143,184,171,reserved
R2144,418,171,waitlist
R2145,156,171,flown
R2146,114,171,reserved
R2147,253,171,flown
R2148,19,171,reserved
R2149,464,171,waitlist
R2150,311,171,reserved
R2151,421,172,waitlist
R2152,57,172,flown
R2153,292,172,reserved
R2154,88,172,reserved
R2155,338,172,waitlist
R2156,345,172,waitlist
R2157,290,172,reserved
R2158,302,172,reserved
R2159,34,172,reserved
R2160,478,172,reserved
R2161,117,172,flown
R2162,401,173,reserved
R2163,435,173,waitlist
R2164,497,173,waitlist
R2165,273,173,waitlist
R2166,349,173,reserved
R2167,233,173,reserved
R2168,219,173,waitlist
R2169,483,173,waitlist
R2170,438,173,flown
R2171,222,173,flown
R2172,209,173,reserved
R2173,349,173,reserved
R2174,254,173,reserved
R2175,389,173,reserved
R2176,370,173,reserved
R2177,471,174,reserved
R2178,230,174,reserved
R2179,201,174,reserved
R2180,42,174,flown
R2181,414,174,reserved
R2182,378,174,reserved
R2183,354,174,reserved
R2184,39,174,flown
R2185,101,174,reserved
R2186,160,174,reserved
R2187,321,174,reserved
R2188,246,174,reserved
R2189,304,175,waitlist
R2190,479,175,reserved
R2191,129,175,reserved
R2192,243,175,reserved
R2193,175,175,flown
R2194,421,175,reserved
R2195,407,175,reserved
R2196,38,175,waitlist
R2197,318,175,reserved
R2198,49,175,waitlist
R2199,64,176,reserved
R2200,32,176,flown
R2201,194,176,reserved
R2202,435,176,waitlist
R2203,401,176,reserved
R2204,471,176,flown
R2205,29,176,reserved
R2206,321,176,reserved
R2207,53,176,waitlist
R2208,287,176,reserved
R2209,436,176,reserved
R2210,50,176,waitlist
R2211,211,176,reserved
R2212,307,176,waitlist
R2213,6,177,reserved
R2214,238,177,waitlist
R2215,451,177,waitlist
R2216,52,177,reserved
R2217,481,177,waitlist
R2218,14,177,reserved
R2219,169,177,reserved
R2220,56,177,reserved
R2221,305,177,waitlist
R2222,304,177,waitlist
R2223,100,177,flown
R2224,65,177,waitlist
R2225,132,177,reserved
R2226,247,177,waitlist
R2227,96,178,reserved
R2228,409,178,reserved
R2229,66,178,reserved
R2230,224,178,reserved
R2231,334,178,waitlist
R2232,160,178,reserved
R2233,278,178,waitlist
R2234,76,178,reserved
R2235,309,178,reserved
R2236,189,178,flown
R2237,266,178,reserved
R2238,348,178,reserved
R2239,122,178,reserved
R2240,440,179,reserved
R2241,177,179,reserved
R2242,103,179,waitlist
R2243,104,179,waitlist
R2244,175,179,reserved
R2245,244,179,waitlist
R2246,240,179,reserved
R2247,170,179,flown
R2248,290,179,flown
R2249,316,179,reserved
R2250,169,179,reserved
R2251,233,179,flown
R2252,467,179,reserved
R2253,113,179,flown
R2254,115,180,waitlist
R2255,239,180,waitlist
R2256,123,180,reserved
R2257,394,180,flown
R2258,170,180,flown
R2259,193,180,reserved
R2260,95,180,flown
R2261,4,180,reserved
R2262,38,180,reserved
R2263,285,180,reserved
R2264,149,180,reserved
R2265,324,180,reserved
R2266,392,180,reserved
R2267,500,180,reserved
R2268,102,180,reserved
R2269,454,181,reserved
R2270,90,181,reserved
R2271,284,181,reserved
R2272,101,181,reserved
R2273,432,181,reserved
R2274,52,181,reserved
R2275,347,181,reserved
R2276,336,181,waitlist
R2277,57,181,reserved
R2278,108,181,reserved
R2279,123,181,reserved
R2280,339,182,reserved
R2281,270,182,flown
R2282,320,182,flown
R2283,450,182,waitlist
R2284,61,182,reserved
R2285,474,182,reserved
R2286,98,182,reserved
R2287,194,182,waitlist
R2288,163,182,reserved
R2289,326,182,reserved
R2290,24,182,waitlist
R2291,301,182,reserved
R2292,151,183,waitlist
R2293,168,183,reserved
R2294,323,183,waitlist
R2295,447,183,reserved
R2296,261,183,flown
R2297,454,183,reserved
R2298,373,183,reserved
R2299,241,183,waitlist
R2300,315,183,reserved
R2301,261,183,reserved
R2302,452,183,waitlist
R2303,261,183,reserved
R2304,266,183,reserved
R2305,165,183,waitlist
R2306,356,184,reserved
R2307,490,184,reserved
R2308,138,184,reserved
R2309,327,184,flown
R2310,299,184,waitlist
R2311,107,184,reserved
R2312,104,184,reserved
R2313,121,184,reserved
R2314,157,184,reserved
R2315,194,184,reserved
R2316,479,184,flown
R2317,131,184,reserved
R2318,69,184,waitlist
R2319,152,184,reserved
R2320,118,185,reserved
R2321,239,185,reserved
R2322,173,185,reserved
R2323,240,185,reserved
R2324,189,185,flown
R2325,163,185,reserved
R2326,13,185,reserved
R2327,120,185,reserved
R2328,39,185,reserved
R2329,43,185,reserved
R2330,257,185,reserved
R2331,330,185,reserved
R2332,475,186,reserved
R2333,61,186,reserved
R2334,20,186,reserved
R2335,171,186,reserved
R2336,169,186,reserved
R2337,382,186,flown
R2338,350,186,flown
R2339,98,186,waitlist
R2340,71,186,flown
R2341,386,186,waitlist
R2342,279,186,flown
R2343,5,186,waitlist
R2344,422,187,reserved
R2345,207,187,flown
R2346,421,187,reserved
R2347,336,187,reserved
R2348,335,187,reserved
R2349,390,187,flown
R2350,444,187,reserved
R2351,117,187,waitlist
R2352,108,187,reserved
R2353,265,187,reserved
R2354,283,187,waitlist
R2355,370,187,flown
R2356,406,188,reserved
R2357,434,188,reserved
R2358,395,188,flown
R2359,214,188,reserved
R2360,231,188,flown
R2361,16,188,reserved
R2362,296,188,flown
R2363,157,188,flown
R2364,5,188,reserved
R2365,338,188,flown
R2366,174,188,reserved
R2367,218,188,waitlist
R2368,391,189,waitlist
R2369,276,189,reserved
R2370,301,189,reserved
R2371,403,189,reserved
R2372,72,189,reserved
R2373,488,189,flown
R2374,291,189,waitlist
R2375,309,189,flown
R2376,294,189,flown
R2377,196,189,reserved
R2378,201,189,reserved
R2379,198,189,reserved
R2380,56,189,reserved
R2381,328,190,flown
R2382,48,190,reserved
R2383,346,190,reserved
R2384,17,190,flown
R2385,309,190,reserved
R2386,96,190,reserved
R2387,467,190,flown
R2388,146,190,reserved
R2389,150,190,waitlist
R2390,36,190,reserved
R2391,189,190,reserved
R2392,88,190,reserved
R2393,466,190,reserved
R2394,57,191,reserved
R2395,215,191,reserved
R2396,36,191,reserved
R2397,463,191,flown
R2398,67,191,flown
R2399,159,191,reserved
R2400,364,191,waitlist
R2401,82,191,waitlist
R2402,481,191,reserved
R2403,104,191,reserved
R2404,351,191,reserved
R2405,4,192,flown
R2406,229,192,reserved
R2407,205,192,waitlist
R2408,127,192,reserved
R2409,467,192,reserved
R2410,252,192,reserved
R2411,295,192,reserved
R2412,47,192,reserved
R2413,452,192,flown
R2414,178,192,waitlist
R2415,365,192,waitlist
R2416,314,193,flown
R2417,436,193,reserved
R2418,128,193,reserved
R2419,317,193,waitlist
R2420,235,193,reserved
R2421,338,193,reserved
R2422,292,193,reserved
R2423,358,193,flown
R2424,123,193,flown
R2425,81,193,reserved
R2426,322,193,reserved
R2427,342,193,flown
R2428,358,193,waitlist
R2429,466,194,reserved
R2430,391,194,reserved
R2431,189,194,reserved
R2432,54,194,reserved
R2433,400,194,reserved
R2434,231,194,reserved
R2435,107,194,reserved
R2436,237,194,reserved
R2437,328,194,waitlist
R2438,384,194,reserved
R2439,176,194,waitlist
R2440,204,195,reserved
R2441,129,195,reserved
R2442,470,195,reserved
R2443,344,195,waitlist
R2444,249,195,reserved
R2445,43,195,reserved
R2446,125,195,waitlist
R2447,225,195,reserved
R2448,421,195,reserved
R2449,83,195,reserved
R2450,10,195,waitlist
R2451,151,196,reserved
R2452,380,196,reserved
R2453,40,196,waitlist
R2454,6,196,waitlist
R2455,79,196,reserved
R2456,92,196,reserved
R2457,18,196,flown
R2458,273,196,reserved
R2459,357,196,reserved
R2460,326,196,flown
R2461,329,196,waitlist
R2462,460,197,reserved
R2463,354,197,reserved
R2464,27,197,reserved
R2465,25,197,waitlist
R2466,393,197,reserved
R2467,128,197,reserved
R2468,123,197,reserved
R2469,9,197,reserved
R2470,8,197,reserved
R2471,99,197,waitlist
R2472,33,197,reserved
R2473,452,197,reserved
R2474,428,197,flown
R2475,86,197,waitlist
R2476,23,197,reserved
R2477,418,198,reserved
R2478,288,198,waitlist
R2479,320,198,reserved
R2480,278,198,reserved
R2481,220,198,reserved
R2482,110,198,reserved
R2483,166,198,reserved
R2484,206,198,waitlist
R2485,7,198,reserved
R2486,235,198,reserved
R2487,418,199,reserved
R2488,320,199,reserved
R2489,35,199,flown
R2490,211,199,reserved
R2491,307,199,reserved
R2492,53,199,waitlist
R2493,406,199,flown
R2494,436,199,reserved
R2495,129,199,flown
R2496,308,199,reserved
R2497,324,199,waitlist
R2498,348,199,flown
R2499,395,199,waitlist
R2500,171,199,reserved
R2501,390,199,flown
R2502,436,200,waitlist
R2503,35,200,reserved
R2504,312,200,flown
R2505,230,200,reserved
R2506,328,200,waitlist
R2507,258,200,reserved
R2508,7,200,reserved
R2509,316,200,waitlist
R2510,64,200,reserved
R2511,378,200,reserved
R2512,125,200,waitlist
R2513,31,200,reserved
R2514,152,201,reserved
R2515,193,201,reserved
R2516,20,201,reserved
R2517,372,201,reserved
R2518,485,201,reserved
R2519,450,201,reserved
R2520,143,201,reserved
R2521,403,201,waitlist
R2522,267,201,waitlist
R2523,213,201,waitlist
R2524,148,201,waitlist
R2525,118,201,flown
R2526,170,201,reserved
R2527,277,202,reserved
R2528,470,202,waitlist
R2529,128,202,flown
R2530,357,202,waitlist
R2531,312,202,flown
R2532,267,202,reserved
R2533,227,202,waitlist
R2534,34,202,flown
R2535,36,202,flown
R2536,27,202,waitlist
R2537,73,202,flown
R2538,47,203,reserved
R2539,282,203,flown
R2540,478,203,reserved
R2541,260,203,reserved
R2542,372,203,reserved
R2543,85,203,waitlist
R2544,126,203,reserved
R2545,311,203,reserved
R2546,147,203,reserved
R2547,496,203,waitlist
R2548,140,203,flown
R2549,41,204,flown
R2550,185,204,reserved
R2551,86,204,reserved
R2552,217,204,reserved
R2553,377,204,reserved
R2554,80,204,flown
R2555,407,204,reserved
R2556,391,204,reserved
R2557,438,204,reserved
R2558,465,204,flown
R2559,305,204,reserved
R2560,284,204,waitlist
R2561,132,204,reserved
R2562,233,205,reserved
R2563,288,205,waitlist
R2564,37,205,reserved
R2565,367,205,reserved
R2566,80,205,flown
R2567,3,205,reserved
R2568,257,205,waitlist
R2569,192,205,reserved
R2570,474,205,reserved
R2571,203,205,flown
R2572,192,205,reserved
R2573,158,205,waitlist
R2574,37,206,reserved
R2575,20,206,flown
R2576,64,206,reserved
R2577,290,206,reserved
R2578,391,206,reserved
R2579,131,206,waitlist
R2580,385,206,waitlist
R2581,261,206,waitlist
R2582,326,206,waitlist
R2583,357,206,reserved
R2584,198,206,flown
R2585,377,206,reserved
R2586,245,206,reserved
R2587,417,206,reserved
R2588,347,207,reserved
R2589,341,207,waitlist
R2590,134,207,waitlist
R2591,484,207,waitlist
R2592,131,207,reserved
R2593,297,207,flown
R2594,431,207,reserved
R2595,60,207,waitlist
R2596,330,207,waitlist
R2597,197,207,reserved
R2598,301,207,flown
R2599,42,207,reserved
R2600,97,207,flown
R2601,85,207,flown
R2602,130,207,waitlist
R2603,496,208,reserved
R2604,454,208,reserved
R2605,158,208,waitlist
R2606,386,208,flown
R2607,373,208,flown
R2608,56,208,waitlist
R2609,398,208,waitlist
R2610,417,208,reserved
R2611,384,208,reserved
R2612,384,208,reserved
R2613,158,208,reserved
R2614,87,208,flown
R2615,1,208,reserved
R2616,397,208,waitlist
R2617,214,209,waitlist
R2618,376,209,reserved
R2619,91,209,reserved
R2620,361,209,reserved
R2621,250,209,reserved
R2622,486,209,reserved
R2623,291,209,flown
R2624,96,209,reserved
R2625,384,209,reserved
R2626,389,209,reserved
R2627,462,209,flown
R2628,226,209,waitlist
R2629,320,209,reserved
R2630,326,209,reserved
R2631,44,210,reserved
R2632,142,210,reserved
R2633,16,210,reserved
R2634,245,210,reserved
R2635,390,210,reserved
R2636,32,210,reserved
R2637,490,210,reserved
R2638,299,210,waitlist
R2639,22,210,reserved
R2640,268,210,waitlist
R2641,193,210,waitlist
R2642,493,210,waitlist
R2643,243,211,waitlist
R2644,310,211,reserved
R2645,190,211,waitlist
R2646,176,211,flown
R2647,419,211,reserved
R2648,185,211,waitlist
R2649,194,211,waitlist
R2650,500,211,reserved
R2651,170,211,flown
R2652,2,211,reserved
R2653,358,211,reserved
R2654,428,211,flown
R2655,72,211,reserved
R2656,445,212,reserved
R2657,487,212,waitlist
R2658,418,212,reserved
R2659,232,212,waitlist
R2660,338,212,flown
R2661,264,212,reserved
R2662,97,212,reserved
R2663,327,212,flown
R2664,417,212,reserved
R2665,325,212,reserved
R2666,497,213,flown
R2667,167,213,waitlist
R2668,120,213,waitlist
R2669,205,213,waitlist
R2670,407,213,reserved
R2671,220,213,flown
R2672,483,213,flown
R2673,338,213,flown
R2674,464,213,reserved
R2675,198,213,reserved
R2676,365,214,reserved
R2677,267,214,flown
R2678,402,214,flown
R2679,259,214,reserved
R2680,255,214,waitlist
R2681,155,214,flown
R2682,281,214,flown
R2683,240,214,reserved
R2684,229,214,flown
R2685,247,214,waitlist
R2686,124,214,reserved
R2687,386,215,flown
R2688,359,215,reserved
R2689,223,215,flown
R2690,15,215,reserved
R2691,476,215,reserved
R2692,197,215,waitlist
R2693,113,215,waitlist
R2694,341,215,reserved
R2695,460,215,waitlist
R2696,341,215,reserved
R2697,274,215,waitlist
R2698,47,216,waitlist
R2699,171,216,flown
R2700,478,216,reserved
R2701,474,216,waitlist
R2702,330,216,reserved
R2703,467,216,waitlist
R2704,377,216,waitlist
R2705,335,216,waitlist
R2706,288,216,flown
R2707,224,216,flown
R2708,115,216,reserved
R2709,149,216,reserved
R2710,46,216,reserved
R2711,480,217,reserved
R2712,483,217,reserved
R2713,189,217,reserved
R2714,161,217,flown
R2715,296,217,waitlist
R2716,160,217,reserved
R2717,275,217,reserved
R2718,199,217,flown
R2719,164,217,waitlist
R2720,409,217,waitlist
R2721,408,217,reserved
R2722,340,217,waitlist
R2723,114,217,reserved
R2724,5,217,reserved
R2725,162,218,reserved
R2726,483,218,reserved
R2727,113,218,reserved
R2728,234,218,reserved
R2729,146,218,reserved
R2730,341,218,flown
R2731,424,218,waitlist
R2732,307,218,reserved
R2733,258,218,flown
R2734,64,218,reserved
R2735,435,218,waitlist
R2736,245,218,waitlist
R2737,111,218,reserved
R2738,495,219,reserved
R2739,415,219,reserved
R2740,424,219,waitlist
R2741,435,219,waitlist
R2742,415,219,reserved
R2743,377,219,reserved
R2744,444,219,waitlist
R2745,439,219,reserved
R2746,201,219,reserved
R2747,418,219,waitlist
R2748,435,219,reserved
R2749,12,219,reserved
R2750,173,219,reserved
R2751,243,219,flown
R2752,388,219,reserved
R2753,271,220,waitlist
R2754,145,220,waitlist
R2755,100,220,waitlist
R2756,281,220,reserved
R2757,68,220,reserved
R2758,406,220,reserved
R2759,413,220,reserved
R2760,479,220,waitlist
R2761,235,220,waitlist
R2762,296,220,reserved
R2763,248,221,reserved
R2764,75,221,reserved
R2765,412,221,waitlist
R2766,377,221,waitlist
R2767,186,221,waitlist
R2768,295,221,reserved
R2769,403,221,flown
R2770,76,221,reserved
R2771,219,221,waitlist
R2772,87,221,flown
R2773,50,221,reserved
R2774,243,221,reserved
R2775,27,221,reserved
R2776,264,221,waitlist
R2777,304,221,reserved
R2778,322,222,waitlist
R2779,126,222,reserved
R2780,124,222,reserved
R2781,155,222,waitlist
R2782,489,222,reserved
R2783,382,222,reserved
R2784,355,222,flown
R2785,344,222,waitlist
R2786,399,222,reserved
R2787,419,222,waitlist
R2788,141,222,waitlist
R2789,189,223,reserved
R2790,60,223,reserved
R2791,251,223,waitlist
R2792,466,223,reserved
R2793,12,223,reserved
R2794,294,223,reserved
R2795,356,223,waitlist
R2796,407,223,reserved
R2797,197,223,reserved
R2798,331,223,waitlist
R2799,153,223,reserved
R2800,51,223,reserved
R2801,366,223,flown
R2802,95,224,reserved
R2803,359,224,reserved
R2804,285,224,flown
R2805,402,224,flown
R2806,251,224,reserved
R2807,429,224,reserved
R2808,366,224,flown
R2809,334,224,reserved
R2810,386,224,reserved
R2811,338,224,flown
R2812,93,224,flown
R2813,356,224,reserved
R2814,285,224,reserved
R2815,161,224,reserved
R2816,295,225,reserved
R2817,83,225,reserved
R2818,132,225,flown
R2819,18,225,reserved
R2820,64,225,reserved
R2821,187,225,flown
R2822,88,225,reserved
R2823,484,225,waitlist
R2824,128,225,reserved
R2825,485,225,flown
R2826,464,225,waitlist
R2827,274,226,reserved
R2828,296,226,reserved
R2829,161,226,reserved
R2830,181,226,waitlist
R2831,262,226,reserved
R2832,51,226,waitlist
R2833,23,226,reserved
R2834,97,226,reserved
R2835,439,226,flown
R2836,491,226,reserved
R2837,283,226,reserved
R2838,184,226,reserved
R2839,374,226,waitlist
R2840,39,226,reserved
R2841,134,226,reserved
R2842,205,227,reserved
R2843,484,227,reserved
R2844,218,227,flown
R2845,74,227,reserved
R2846,37,227,waitlist
R2847,138,227,flown
R2848,357,227,waitlist
R2849,366,227,reserved
R2850,337,227,waitlist
R2851,262,227,waitlist
R2852,215,227,flown
R2853,404,228,reserved
R2854,14,228,flown
R2855,127,228,reserved
R2856,64,228,reserved
R2857,351,228,reserved
R2858,34,228,reserved
R2859,46,228,reserved
R2860,171,228,waitlist
R2861,75,228,flown
R2862,116,228,reserved
R2863,51,228,reserved
R2864,497,228,reserved
R2865,401,229,flown
R2866,90,229,reserved
R2867,449,229,reserved
R2868,421,229,flown
R2869,49,229,reserved
R2870,359,229,reserved
R2871,145,229,reserved
R2872,312,229,reserved
R2873,25,229,reserved
R2874,485,229,waitlist
R2875,177,230,flown
R2876,348,230,flown
R2877,273,230,reserved
R2878,452,230,flown
R2879,245,230,reserved
R2880,133,230,reserved
R2881,263,230,waitlist
R2882,337,230,reserved
R2883,194,230,reserved
R2884,137,230,reserved
R2885,372,230,waitlist
R2886,363,231,waitlist
R2887,348,231,waitlist
R2888,362,231,reserved
R2889,225,231,flown
R2890,409,231,reserved
R2891,147,231,reserved
R2892,220,231,reserved
R2893,368,231,flown
R2894,417,231,reserved
R2895,326,231,flown
R2896,486,231,reserved
R2897,395,231,reserved
R2898,325,232,reserved
R2899,374,232,reserved
R2900,48,232,reserved
R2901,30,232,reserved
R2902,147,232,reserved
R2903,253,232,flown
R2904,6,232,flown
R2905,218,232,waitlist
R2906,478,232,waitlist
R2907,246,232,reserved
R2908,347,233,flown
R2909,358,233,reserved
R2910,8,233,waitlist
R2911,467,233,flown
R2912,4,233,waitlist
R2913,360,233,reserved
R2914,177,233,reserved
R2915,379,233,waitlist
R2916,472,233,flown
R2917,451,233,flown
R2918,351,233,waitlist
R2919,311,233,reserved
R2920,87,233,waitlist
R2921,452,233,waitlist
R2922,463,233,reserved
R2923,188,234,flown
R2924,264,234,reserved
R2925,27,234,reserved
R2926,195,234,reserved
R2927,497,234,reserved
R2928,468,234,waitlist
R2929,426,234,reserved
R2930,393,234,flown
R2931,149,234,reserved
R2932,151,234,reserved
R2933,378,235,waitlist
R2934,202,235,reserved
R2935,157,235,flown
R2936,492,235,waitlist
R2937,423,235,flown
R2938,479,235,reserved
R2939,317,235,flown
R2940,30,235,reserved
R2941,316,235,reserved
R2942,153,235,reserved
R2943,180,236,flown
R2944,96,236,reserved
R2945,5,236,reserved
R2946,252,236,reserved
R2947,271,236,reserved
R2948,79,236,reserved
R2949,468,236,reserved
R2950,80,236,waitlist
R2951,129,236,reserved
R2952,203,236,reserved
R2953,220,237,flown
R2954,275,237,flown
R2955,56,237,flown
R2956,337,237,flown
R2957,83,237,reserved
R2958,383,237,reserved
R2959,184,237,flown
R2960,364,237,reserved
R2961,98,237,reserved
R2962,69,237,reserved
R2963,381,237,reserved
R2964,17,237,reserved
R2965,486,238,reserved
R2966,341,238,flown
R2967,61,238,reserved
R2968,282,238,reserved
R2969,350,238,waitlist
R2970,167,238,waitlist
R2971,400,238,flown
R2972,257,238,waitlist
R2973,380,238,flown
R2974,200,238,reserved
R2975,491,238,reserved
R2976,65,239,reserved
R2977,257,239,reserved
R2978,351,239,reserved
R2979,348,239,flown
R2980,220,239,flown
R2981,378,239,reserved
R2982,246,239,reserved
R2983,249,239,reserved
R2984,220,239,reserved
R2985,79,239,waitlist
R2986,128,240,reserved
R2987,59,240,flown
R2988,359,240,reserved
R2989,421,240,reserved
R2990,243,240,waitlist
R2991,415,240,reserved
R2992,374,240,reserved
R2993,93,240,reserved
R2994,438,240,reserved
R2995,325,240,reserved
R2996,62,240,reserved
